model,feature,importance
logistic_regression,club_total_mv_log,1.4110486650625453
logistic_regression,age_prev_mv_interaction,1.3753463696374748
logistic_regression,prev_mv_distance_to_10,1.2353401986932016
logistic_regression,prev_season_mv,1.2353401986932016
logistic_regression,prev_mv_distance_to_30,1.2353401986932002
logistic_regression,club_Parma Calcio 1913,1.2030972437733662
logistic_regression,club_Brescia Calcio (- 2025),1.0680013193612343
logistic_regression,club_SC Freiburg,1.0507231803708017
logistic_regression,club_AS Saint-Étienne,1.0429555677733384
logistic_regression,nationality_Canada,0.8691511741576732
logistic_regression,club_Eintracht Frankfurt,0.8168517373521818
logistic_regression,age_squared,0.8077239105940709
logistic_regression,nationality_Ukraine,0.7888035939718364
logistic_regression,nationality_Iceland,0.7665100592141965
logistic_regression,club_Hertha BSC,0.7416260009486312
logistic_regression,preferred_foot_Unknown,0.672321574245049
logistic_regression,club_FC Girondins Bordeaux,0.6538664970729213
logistic_regression,club_VfL Wolfsburg,0.6479834325608516
logistic_regression,club_Crystal Palace,0.645316472257125
logistic_regression,club_Torino FC,0.6123850461908805
logistic_regression,club_Athletic Bilbao,0.576853361401776
logistic_regression,nationality_Albania,0.5767158180047157
logistic_regression,nationality_Hungary,0.5759622117352311
logistic_regression,nationality_Central African Republic,0.5656830408799344
logistic_regression,club_AFC Bournemouth,0.5410278564714778
logistic_regression,nationality_Zambia,0.5398139611890053
logistic_regression,nationality_Portugal,0.5371415156758282
logistic_regression,club_Inter Milan,0.5314498082779776
logistic_regression,nationality_Bangladesh,0.5308590882700868
logistic_regression,nationality_Chile,0.5293518003215653
logistic_regression,age,0.5272435654471533
logistic_regression,nationality_Wales,0.5150929343247692
logistic_regression,nationality_Comoros,0.5129925304033272
logistic_regression,age_bucket_33plus,0.5054699585762833
logistic_regression,club_UC Sampdoria,0.4994383601756387
logistic_regression,prev_season_mv_log,0.49923421843004157
logistic_regression,club_Borussia Mönchengladbach,0.49601800706796967
logistic_regression,club_SS Lazio,0.49204283886230665
logistic_regression,club_Frosinone Calcio,0.4904212795082519
logistic_regression,nationality_Algeria,0.48881694400461684
logistic_regression,club_AS Monaco,0.4877918549141393
logistic_regression,club_prev_season_avg_mv,0.4876554310690495
logistic_regression,club_VfL Bochum,0.4839957172758025
logistic_regression,club_VfB Stuttgart,0.4833416331699329
logistic_regression,nationality_Northern Ireland,0.4751052614281737
logistic_regression,club_Clermont Foot 63,0.4692356427220092
logistic_regression,nationality_Japan,0.4679356970755683
logistic_regression,club_AS Roma,0.4673306646616335
logistic_regression,nationality_Nigeria,0.46445614408312946
logistic_regression,club_SD Eibar,0.46318122120727573
logistic_regression,league_prev_season_avg_mv,0.4530023397261127
logistic_regression,nationality_Zimbabwe,0.4482367208078594
logistic_regression,club_FC Crotone,0.44163803425763626
logistic_regression,club_OGC Nice,0.4408426566364745
logistic_regression,nationality_Kosovo,0.43863803548537345
logistic_regression,nationality_Poland,0.43798354849093296
logistic_regression,nationality_DR Congo,0.4332454037577029
logistic_regression,nationality_South Africa,0.42822225179409656
logistic_regression,two_seasons_ago_mv_category_NoHistory,0.42793209885079236
logistic_regression,club_Dijon FCO,0.42525161255798766
logistic_regression,nationality_Costa Rica,0.4242766261573239
logistic_regression,club_total_mv_mio,0.4219395054376156
logistic_regression,club_Angers SCO,0.41598981012441133
logistic_regression,club_FC Barcelona,0.4130981401339837
logistic_regression,nationality_Jamaica,0.4113058428165251
logistic_regression,club_RCD Mallorca,0.4078986239024704
logistic_regression,nationality_Russia,0.40773748388705283
logistic_regression,club_Everton FC,0.4076863611671528
logistic_regression,nationality_Norway,0.4069690204638694
logistic_regression,nationality_Dominican Republic,0.40537229365940225
logistic_regression,club_ACF Fiorentina,0.40196306290008005
logistic_regression,nationality_Kenya,0.40192646278073063
logistic_regression,club_Levante UD,0.3955019171669321
logistic_regression,nationality_Brazil,0.3933721325257271
logistic_regression,club_Watford FC,0.3859725612651734
logistic_regression,nationality_Türkiye,0.38415575403444074
logistic_regression,club_Leicester City,0.3812677380127945
logistic_regression,nationality_Croatia,0.380962787526121
logistic_regression,club_Sevilla FC,0.3790277937284154
logistic_regression,nationality_Senegal,0.3728444441015639
logistic_regression,nationality_Syria,0.3670697368108679
logistic_regression,club_FC Empoli,0.366716048576259
logistic_regression,nationality_Guinea-Bissau,0.36323297724209885
logistic_regression,two_seasons_ago_mv_category_Rendah,0.3605065000125111
logistic_regression,club_RCD Espanyol Barcelona,0.35832408200566895
logistic_regression,nationality_Armenia,0.3523555664119519
logistic_regression,club_Valencia CF,0.34726812823195985
logistic_regression,club_West Ham United,0.34649232831499416
logistic_regression,club_Manchester City,0.34493994270345807
logistic_regression,club_Atlético de Madrid,0.34452439688043296
logistic_regression,club_SD Huesca,0.34304960918601807
logistic_regression,club_RC Lens,0.3427595330598309
logistic_regression,club_Montpellier HSC,0.34015656687533635
logistic_regression,club_Sheffield United,0.33384523176714315
logistic_regression,nationality_Suriname,0.3305304161943176
logistic_regression,nationality_Angola,0.32852104047752484
logistic_regression,club_Fulham FC,0.32653757186892224
logistic_regression,club_SV Werder Bremen,0.3222062670134321
logistic_regression,pos_category_Goalkeeper,0.3169172823910105
logistic_regression,nationality_Georgia,0.3168860567585921
logistic_regression,nationality_Cameroon,0.3165490877935379
logistic_regression,nationality_Uruguay,0.3162379191418111
logistic_regression,nationality_Denmark,0.3149490063758162
logistic_regression,nationality_Cote d'Ivoire,0.3144835369515961
logistic_regression,nationality_Argentina,0.31182943386875883
logistic_regression,club_Chievo Verona,0.3097696582936293
logistic_regression,club_Genoa CFC,0.30900067290350913
logistic_regression,nationality_Slovenia,0.3086399837029788
logistic_regression,nationality_Greece,0.3086278629842159
logistic_regression,nationality_Martinique,0.3085649125413495
logistic_regression,nationality_Colombia,0.30717976191129687
logistic_regression,nationality_Belgium,0.30674650688075555
logistic_regression,nationality_Romania,0.3064493299473639
logistic_regression,prev_mv_category_NoHistory,0.3059747821310414
logistic_regression,has_prev_mv_0,0.3059747821310393
logistic_regression,age_bucket_25-28,0.30568467683450407
logistic_regression,nationality_Israel,0.3042101261200787
logistic_regression,nationality_Togo,0.30024389491982845
logistic_regression,nationality_Burundi,0.2978968837899761
logistic_regression,club_US Sassuolo,0.2970846243921899
logistic_regression,nationality_France,0.2967254374006003
logistic_regression,nationality_Czech Republic,0.2951270397758247
logistic_regression,prev_mv_category_Tinggi,0.29432019935356735
logistic_regression,nationality_Bosnia-Herzegovina,0.2934199488018983
logistic_regression,club_Spezia Calcio,0.2920234217692071
logistic_regression,club_Burnley FC,0.28920559039583443
logistic_regression,club_Swansea City,0.28641079264668606
logistic_regression,club_Rayo Vallecano,0.28445858692257825
logistic_regression,club_Paris Saint-Germain,0.28416441913658635
logistic_regression,club_UD Las Palmas,0.2836591844751841
logistic_regression,preferred_foot_left,0.28128917339208614
logistic_regression,club_1.FSV Mainz 05,0.2770067904536402
logistic_regression,club_FC Nantes,0.2762508993779562
logistic_regression,club_Liverpool FC,0.27547499692728133
logistic_regression,club_Stoke City,0.2739420141334801
logistic_regression,nationality_Guadeloupe,0.27193818993603
logistic_regression,club_Bologna FC 1909,0.27010084198266965
logistic_regression,club_Atalanta BC,0.26642270130337675
logistic_regression,club_SM Caen,0.26452417122863986
logistic_regression,nationality_The Gambia,0.26446070940320654
logistic_regression,nationality_Benin,0.26237433368833923
logistic_regression,club_Arminia Bielefeld,0.26006340887853624
logistic_regression,club_Real Sociedad,0.2597848297451761
logistic_regression,nationality_Germany,0.25670749654776354
logistic_regression,club_RB Leipzig,0.2564099390723689
logistic_regression,pos_category_Attack,0.2531967197287165
logistic_regression,club_SSC Napoli,0.2528558478231178
logistic_regression,club_Udinese Calcio,0.2504807698624852
logistic_regression,club_Deportivo Alavés,0.2504395125741988
logistic_regression,club_Aston Villa,0.250132026372589
logistic_regression,nationality_Guinea,0.2500236013758645
logistic_regression,nationality_Venezuela,0.24821019079016382
logistic_regression,nationality_New Caledonia,0.24763542544093117
logistic_regression,nationality_Haiti,0.24457308170701772
logistic_regression,nationality_Paraguay,0.2440721241300202
logistic_regression,club_EA Guingamp,0.2438853620942062
logistic_regression,nationality_Ghana,0.24126979568122434
logistic_regression,club_Norwich City,0.2388603482549315
logistic_regression,club_total_mv_rank_league_season,0.2336005210737856
logistic_regression,club_Getafe CF,0.23226077675014234
logistic_regression,has_prev_mv_1,0.22810896098074215
logistic_regression,prev_growth_rate_clipped,0.22718685123653404
logistic_regression,club_FC Lorient,0.2267922946730431
logistic_regression,nationality_Morocco,0.22151657274696493
logistic_regression,pos_category_Defender,0.22084944417460253
logistic_regression,club_Granada CF,0.2185265560820255
logistic_regression,pos_prev_season_avg_mv,0.21464361303266533
logistic_regression,preferred_foot_both,0.21423756090632762
logistic_regression,club_Juventus FC,0.21212449824628896
logistic_regression,club_Real Betis Balompié,0.2114604699602601
logistic_regression,nationality_Equatorial Guinea,0.21040887761299518
logistic_regression,nationality_England,0.20822308540078738
logistic_regression,nationality_Ireland,0.20804712862074437
logistic_regression,age_bucket_29-32,0.20479724345302386
logistic_regression,club_Chelsea FC,0.20006285604774998
logistic_regression,pos_category_Midfield,0.19797865364034295
logistic_regression,club_Elche CF,0.19768185137400976
logistic_regression,nationality_Slovakia,0.19723450425569355
logistic_regression,club_Bayern Munich,0.19682180039121386
logistic_regression,nationality_Tanzania,0.19314281880983555
logistic_regression,nationality_Gabon,0.19054375652662028
logistic_regression,nationality_Australia,0.18932321456154025
logistic_regression,club_ESTAC Troyes,0.1888928552656467
logistic_regression,nationality_Sweden,0.1877778864123154
logistic_regression,nationality_North Macedonia,0.18765290393173992
logistic_regression,nationality_United States,0.1846729928984523
logistic_regression,club_CA Osasuna,0.18296031056366133
logistic_regression,nationality_Uzbekistan,0.18262838332403483
logistic_regression,club_US Salernitana 1919,0.18025667434886536
logistic_regression,club_Villarreal CF,0.17842741369312062
logistic_regression,nationality_Indonesia,0.1772290693183957
logistic_regression,age_bucket_U20,0.17472769402660307
logistic_regression,nationality_Ecuador,0.173158254325954
logistic_regression,nationality_Italy,0.17045149365916548
logistic_regression,club_Deportivo de La Coruña,0.1696546641778005
logistic_regression,club_total_mv_pct_league_season,0.16932995255458808
logistic_regression,prev_mv_category_Rendah,0.16917040249457507
logistic_regression,club_AC Milan,0.1668143525151444
logistic_regression,club_Manchester United,0.16592545805300216
logistic_regression,nationality_Burkina Faso,0.16504453497541566
logistic_regression,club_Borussia Dortmund,0.16434179747572877
logistic_regression,club_Leeds United,0.16177399606276655
logistic_regression,nationality_Egypt,0.15776650633966682
logistic_regression,prev_mv_category_Menengah,0.15696980752186854
logistic_regression,nationality_New Zealand,0.1564828885633328
logistic_regression,club_Olympique Lyon,0.1541434592781579
logistic_regression,club_Hamburger SV,0.1533429386600064
logistic_regression,club_Brentford FC,0.14710560936458036
logistic_regression,club_Hannover 96,0.14639129022505232
logistic_regression,club_Arsenal FC,0.14537796172309242
logistic_regression,club_Newcastle United,0.14503917061232782
logistic_regression,nationality_Iran,0.144663533451014
logistic_regression,league_Premier League,0.14216721336118168
logistic_regression,league_rank_1,0.14216721336118168
logistic_regression,nationality_Mexico,0.14196957265718416
logistic_regression,club_1.FC Köln,0.14195279351417037
logistic_regression,club_FC Augsburg,0.1411861119698008
logistic_regression,club_FC Schalke 04,0.14067347912794187
logistic_regression,club_Tottenham Hotspur,0.14064744204127813
logistic_regression,club_prev_season_player_count,0.13847492349298293
logistic_regression,prev_mv_to_club_total_ratio,0.1379716821185665
logistic_regression,nationality_Cape Verde,0.13776672773862694
logistic_regression,nationality_Spain,0.13385331516853982
logistic_regression,nationality_Mozambique,0.13291243224552218
logistic_regression,nationality_Switzerland,0.13209741616182688
logistic_regression,nationality_Austria,0.13167246652395823
logistic_regression,nationality_Montenegro,0.1314174707154342
logistic_regression,prev_growth_rate,0.130015470959768
logistic_regression,nationality_Scotland,0.12906567188075269
logistic_regression,club_Real Valladolid CF,0.12859963211541744
logistic_regression,nationality_Netherlands,0.12824708669998983
logistic_regression,club_LOSC Lille,0.1251766256658774
logistic_regression,club_Southampton FC,0.12480239965444177
logistic_regression,nationality_Curacao,0.12266257091621195
logistic_regression,nationality_Tunisia,0.12188100905876335
logistic_regression,club_Real Madrid,0.12165150346811744
logistic_regression,club_FC Toulouse,0.11901888367877866
logistic_regression,mv_history_count,0.11485591047742343
logistic_regression,club_Cádiz CF,0.1139355435149824
logistic_regression,age_bucket_21-24,0.10945259956264562
logistic_regression,height_m,0.1083895544307219
logistic_regression,club_Hellas Verona,0.10810099336676615
logistic_regression,league_Serie A,0.10801387600347352
logistic_regression,league_rank_4,0.10801387600347352
logistic_regression,club_Bayer 04 Leverkusen,0.10683785610196371
logistic_regression,club_Venezia FC,0.10513388080748647
logistic_regression,club_Stade Reims,0.1036072432607142
logistic_regression,preferred_foot_right,0.09658405334238511
logistic_regression,nationality_China,0.09522127711557815
logistic_regression,two_seasons_ago_mv,0.09270044394440217
logistic_regression,nationality_Madagascar,0.09208951459209296
logistic_regression,club_SPAL 2013,0.08907165930321263
logistic_regression,club_CD Leganés,0.08468326653905256
logistic_regression,nationality_Malta,0.08324766933299187
logistic_regression,club_prev_season_median_mv,0.08280868654953462
logistic_regression,club_1.FC Nuremberg,0.08278622792743986
logistic_regression,club_TSG 1899 Hoffenheim,0.08226298570698119
logistic_regression,club_Girona FC,0.08146948832005292
logistic_regression,club_RC Strasbourg Alsace,0.08058051887392473
logistic_regression,club_Brighton & Hove Albion,0.08054368854222908
logistic_regression,league_La Liga,0.08011875177516979
logistic_regression,league_rank_2,0.08011875177516979
logistic_regression,club_Nîmes Olympique,0.0792647106376973
logistic_regression,"nationality_Korea, South",0.07865846080771444
logistic_regression,club_US Lecce,0.07774016812975562
logistic_regression,nationality_Serbia,0.07593279435070999
logistic_regression,league_rank_5,0.07517935564838822
logistic_regression,league_Ligue 1,0.07517935564838822
logistic_regression,nationality_prev_season_avg_mv,0.07481763932195179
logistic_regression,club_Stade Rennais FC,0.07453679292765138
logistic_regression,"nationality_Korea, North",0.0745145036130856
logistic_regression,season,0.07408133927037569
logistic_regression,league_rank_3,0.06541854307440151
logistic_regression,league_Bundesliga,0.06541854307440151
logistic_regression,club_Olympique Marseille,0.06041101491415979
logistic_regression,two_seasons_ago_mv_category_Tinggi,0.059296425597757996
logistic_regression,club_Benevento Calcio,0.05464138002273584
logistic_regression,club_Celta de Vigo,0.052023601110638674
logistic_regression,two_seasons_ago_mv_category_Menengah,0.04906224908220924
logistic_regression,club_Cardiff City,0.04822471760791299
logistic_regression,two_seasons_ago_mv_log,0.04814412387673864
logistic_regression,nationality_Mali,0.04609245953123836
logistic_regression,club_SPAL,0.04535316901358738
logistic_regression,nationality_Philippines,0.04483195194570674
logistic_regression,club_Fortuna Düsseldorf,0.0444175622049184
logistic_regression,club_West Bromwich Albion,0.044016408932812195
logistic_regression,club_Cagliari Calcio,0.043973699394498154
logistic_regression,nationality_Peru,0.043661459828824224
logistic_regression,nationality_Luxembourg,0.041402628129767784
logistic_regression,club_Huddersfield Town,0.04137944523268347
logistic_regression,club_Stade Brestois 29,0.0401353737082031
logistic_regression,club_Amiens SC,0.03849973622533933
logistic_regression,nationality_Honduras,0.03300633048521552
logistic_regression,club_FC Metz,0.028121157205751784
logistic_regression,nationality_Finland,0.026454955610988855
logistic_regression,club_1.FC Union Berlin,0.023293187332463983
logistic_regression,club_Wolverhampton Wanderers,0.022430623239774617
random_forest,prev_mv_distance_to_10,0.05150605419015594
random_forest,club_total_mv_mio,0.0513862699757554
random_forest,prev_mv_distance_to_30,0.048420265321938744
random_forest,prev_season_mv_log,0.048256229701997916
random_forest,prev_season_mv,0.04798578848117472
random_forest,club_total_mv_log,0.04399600354562127
random_forest,club_total_mv_pct_league_season,0.03986803442893314
random_forest,height_m,0.034152983438549285
random_forest,age,0.033151662520698566
random_forest,age_squared,0.033071127350681545
random_forest,club_total_mv_rank_league_season,0.032396958917480075
random_forest,age_prev_mv_interaction,0.03188583591608575
random_forest,club_prev_season_avg_mv,0.025368446288203905
random_forest,prev_mv_to_club_total_ratio,0.02477707335050707
random_forest,prev_mv_category_Tinggi,0.023254756906314854
random_forest,nationality_prev_season_avg_mv,0.021551245162107917
random_forest,club_prev_season_median_mv,0.02136030880835225
random_forest,club_prev_season_player_count,0.01833310795116118
random_forest,pos_prev_season_avg_mv,0.016284916361627898
random_forest,two_seasons_ago_mv,0.01492808005001393
random_forest,league_prev_season_avg_mv,0.014769972685401575
random_forest,two_seasons_ago_mv_log,0.013427678602097304
random_forest,prev_mv_category_Menengah,0.01269306177375565
random_forest,season,0.011643833893627794
random_forest,prev_growth_rate,0.011642802232091218
random_forest,prev_growth_rate_clipped,0.011347193504689173
random_forest,pos_category_Defender,0.008805889896286077
random_forest,prev_mv_category_Rendah,0.008427588867835569
random_forest,age_bucket_21-24,0.00824357695569301
random_forest,pos_category_Attack,0.008154569729305658
random_forest,pos_category_Midfield,0.007943494594036432
random_forest,preferred_foot_right,0.007831484594933127
random_forest,preferred_foot_left,0.007769847359680905
random_forest,age_bucket_25-28,0.0069572140014328605
random_forest,age_bucket_29-32,0.006617685747444112
random_forest,mv_history_count,0.006493479951321291
random_forest,nationality_Spain,0.004951253139614804
random_forest,nationality_France,0.004508901713255694
random_forest,two_seasons_ago_mv_category_Tinggi,0.004472899212354298
random_forest,nationality_England,0.004184167185240889
random_forest,age_bucket_U20,0.0037886028426677497
random_forest,nationality_Germany,0.003609431170518243
random_forest,nationality_Italy,0.003586335016179311
random_forest,nationality_Brazil,0.003505227760469942
random_forest,league_rank_3,0.0033087819942452146
random_forest,league_rank_1,0.003289134803784157
random_forest,league_Premier League,0.0032835041577584014
random_forest,league_Bundesliga,0.0032793711379222384
random_forest,league_Ligue 1,0.0031043663900799877
random_forest,league_rank_4,0.003098904882982342
random_forest,league_Serie A,0.00307735480445668
random_forest,pos_category_Goalkeeper,0.0030590530771808146
random_forest,league_rank_5,0.0030503611259374945
random_forest,nationality_Argentina,0.0030393332456971033
random_forest,league_La Liga,0.0030076366712283296
random_forest,league_rank_2,0.0029606687261625702
random_forest,two_seasons_ago_mv_category_NoHistory,0.0026124896401092303
random_forest,nationality_Portugal,0.002540088887355352
random_forest,has_prev_mv_0,0.002375998529040905
random_forest,two_seasons_ago_mv_category_Menengah,0.0023070614859548914
random_forest,nationality_Netherlands,0.0021523565211729696
random_forest,nationality_Belgium,0.002134399099820722
random_forest,two_seasons_ago_mv_category_Rendah,0.002085847908809827
random_forest,has_prev_mv_1,0.002044868303913084
random_forest,prev_mv_category_NoHistory,0.0018455315366427592
random_forest,age_bucket_33plus,0.0018039861766356447
random_forest,preferred_foot_both,0.001728965046592949
random_forest,club_AC Milan,0.0016955188336754592
random_forest,nationality_Croatia,0.0016629681067013343
random_forest,club_Chelsea FC,0.0015153970553993612
random_forest,nationality_Senegal,0.0014602472947222356
random_forest,nationality_Cote d'Ivoire,0.0014179326655929315
random_forest,nationality_Denmark,0.00134332142354131
random_forest,nationality_Algeria,0.0013373419850459807
random_forest,club_Borussia Dortmund,0.0012335101417001954
random_forest,club_FC Barcelona,0.0011918394245117603
random_forest,nationality_Morocco,0.0011772246806912236
random_forest,club_Bayern Munich,0.001174978405949391
random_forest,nationality_Serbia,0.001168578362831632
random_forest,club_Liverpool FC,0.0011475172761020425
random_forest,club_Manchester City,0.0011279327178068254
random_forest,club_RB Leipzig,0.0011208568178384714
random_forest,club_Real Madrid,0.0011105697573436618
random_forest,nationality_Switzerland,0.0011104700448291785
random_forest,club_Manchester United,0.0010929162313609068
random_forest,club_Atlético de Madrid,0.0010719125954899561
random_forest,club_Sevilla FC,0.0010715014025070623
random_forest,club_Tottenham Hotspur,0.0010711356732590494
random_forest,club_Arsenal FC,0.0010101392264437153
random_forest,club_Atalanta BC,0.0009932157122469357
random_forest,club_AS Roma,0.0009830785799501704
random_forest,club_Borussia Mönchengladbach,0.0009823812636251255
random_forest,nationality_Uruguay,0.0009584222100903239
random_forest,club_Bayer 04 Leverkusen,0.0009471329326528883
random_forest,nationality_Poland,0.0009457004801436384
random_forest,club_Eintracht Frankfurt,0.0009396794385692894
random_forest,nationality_Austria,0.0009299343831885322
random_forest,nationality_Sweden,0.0009250901728359281
random_forest,club_Leicester City,0.0009143315146520952
random_forest,nationality_Scotland,0.000912245673522405
random_forest,club_SS Lazio,0.0009107384704740511
random_forest,club_Everton FC,0.0008996270731853118
random_forest,nationality_Colombia,0.0008898392740513738
random_forest,nationality_Türkiye,0.0008804606879235506
random_forest,club_Juventus FC,0.0008792138191434668
random_forest,nationality_Ghana,0.0008783128857958936
random_forest,club_AS Monaco,0.0008437860683867092
random_forest,club_Paris Saint-Germain,0.0008344840413154064
random_forest,club_Crystal Palace,0.0007971286435490292
random_forest,nationality_Nigeria,0.000786466206264676
random_forest,club_West Ham United,0.0007790894687452332
random_forest,club_Inter Milan,0.0007735861009923468
random_forest,nationality_Czech Republic,0.0007685815391673863
random_forest,club_US Sassuolo,0.0007346360123300135
random_forest,club_Villarreal CF,0.0007262879569602211
random_forest,nationality_DR Congo,0.0007156534634172168
random_forest,club_SSC Napoli,0.0007148715213633304
random_forest,nationality_Jamaica,0.0006965915436213997
random_forest,club_Valencia CF,0.0006885358943410132
random_forest,club_Wolverhampton Wanderers,0.0006875369844527422
random_forest,club_ACF Fiorentina,0.0006820327776510286
random_forest,club_Athletic Bilbao,0.0006758177798936595
random_forest,club_Real Betis Balompié,0.0006602803972739097
random_forest,nationality_Norway,0.0006550768834632251
random_forest,nationality_Wales,0.0006523713506541469
random_forest,club_Real Sociedad,0.0006504923512066813
random_forest,club_VfL Wolfsburg,0.0006467116040035499
random_forest,nationality_United States,0.000638957770083329
random_forest,club_FC Girondins Bordeaux,0.0006346717801757917
random_forest,nationality_Guinea,0.0006282513391937322
random_forest,club_LOSC Lille,0.0006281579271151992
random_forest,club_Southampton FC,0.0006234602066891241
random_forest,nationality_Mali,0.0006035216102809998
random_forest,club_Olympique Marseille,0.0005908989978214319
random_forest,club_TSG 1899 Hoffenheim,0.0005661918916509881
random_forest,club_Olympique Lyon,0.0005559155686037249
random_forest,club_Brighton & Hove Albion,0.0005501506292245585
random_forest,club_SC Freiburg,0.0005403844473804521
random_forest,club_Aston Villa,0.0005382772796595299
random_forest,club_Newcastle United,0.0005290076336215712
random_forest,club_Stade Rennais FC,0.0005113523805367928
random_forest,club_Celta de Vigo,0.00049809890709187
random_forest,nationality_Albania,0.0004942325640946096
random_forest,club_Torino FC,0.0004938588504494666
random_forest,nationality_Cameroon,0.0004592939584035247
random_forest,club_FC Schalke 04,0.00045563826446538304
random_forest,club_Hertha BSC,0.0004323364594208903
random_forest,club_1.FSV Mainz 05,0.00042539183116801203
random_forest,club_Burnley FC,0.0004244282836725909
random_forest,nationality_Mexico,0.0004220413227811886
random_forest,club_FC Nantes,0.00041843472745903824
random_forest,club_Cagliari Calcio,0.00041440802850031925
random_forest,nationality_Ireland,0.00040608225120449855
random_forest,nationality_Greece,0.00039113988578082844
random_forest,club_Genoa CFC,0.0003772545814670384
random_forest,club_Bologna FC 1909,0.00036547067772301937
random_forest,club_AS Saint-Étienne,0.00036532887282783957
random_forest,club_SV Werder Bremen,0.000365064348470187
random_forest,club_AFC Bournemouth,0.00035776145444458456
random_forest,club_OGC Nice,0.0003561550702637507
random_forest,nationality_Bosnia-Herzegovina,0.0003554745649149393
random_forest,club_Watford FC,0.0003553051752927876
random_forest,club_Udinese Calcio,0.00035286263472254146
random_forest,nationality_Egypt,0.00035068452744766647
random_forest,club_FC Augsburg,0.00034558436527386786
random_forest,club_UC Sampdoria,0.00032578283779434084
random_forest,nationality_Japan,0.00032555684416615013
random_forest,club_Parma Calcio 1913,0.00031800470538793517
random_forest,nationality_Chile,0.00031214615539505665
random_forest,nationality_Ukraine,0.0003019508269557745
random_forest,club_Fulham FC,0.000301385586358982
random_forest,club_Getafe CF,0.00030113216570470036
random_forest,club_Levante UD,0.00029463453419990875
random_forest,club_VfB Stuttgart,0.0002929892943191322
random_forest,preferred_foot_Unknown,0.000290168851714726
random_forest,nationality_Romania,0.00028828386180954074
random_forest,club_Montpellier HSC,0.00028669525063501714
random_forest,club_Brentford FC,0.00028443064154341714
random_forest,club_Deportivo Alavés,0.0002780828055307867
random_forest,nationality_Iceland,0.0002613408422762948
random_forest,nationality_Tunisia,0.0002587281306640404
random_forest,nationality_Hungary,0.00025340993220377106
random_forest,club_Granada CF,0.00024342825367258493
random_forest,club_FC Empoli,0.0002354111225268641
random_forest,club_1.FC Köln,0.0002282464426233757
random_forest,club_Angers SCO,0.00022576616906547605
random_forest,club_Brescia Calcio (- 2025),0.0002227438799029171
random_forest,club_Hellas Verona,0.0002190293600311923
random_forest,nationality_Slovakia,0.0002170235322284035
random_forest,nationality_Dominican Republic,0.00019849237289829602
random_forest,club_Stoke City,0.0001981999700678393
random_forest,club_Norwich City,0.00019643412190563502
random_forest,club_Leeds United,0.00019311935999132926
random_forest,nationality_Slovenia,0.00019299782525094596
random_forest,club_Swansea City,0.00019170864568441483
random_forest,club_FC Toulouse,0.00019021070166506918
random_forest,club_RCD Espanyol Barcelona,0.00019006984642869744
random_forest,nationality_Burkina Faso,0.00018704548832428544
random_forest,club_RC Lens,0.0001835100025508042
random_forest,club_SD Eibar,0.00018105828811442013
random_forest,club_West Bromwich Albion,0.00017883383554632447
random_forest,nationality_Kosovo,0.0001769162134852677
random_forest,club_Huddersfield Town,0.00016515042184948444
random_forest,nationality_Angola,0.0001647743904475703
random_forest,club_RC Strasbourg Alsace,0.00016432760893637138
random_forest,club_CD Leganés,0.00016232967781024108
random_forest,nationality_Australia,0.0001602842563048783
random_forest,club_CA Osasuna,0.00015718516686113844
random_forest,nationality_Montenegro,0.00015638226637207725
random_forest,nationality_Venezuela,0.00015275869280160085
random_forest,club_Stade Reims,0.00014575383441743793
random_forest,nationality_Costa Rica,0.000137269614478574
random_forest,nationality_Canada,0.00013103234917860227
random_forest,nationality_Togo,0.00013095157453222776
random_forest,club_Sheffield United,0.00012736571943539816
random_forest,club_Real Valladolid CF,0.0001260940610451188
random_forest,nationality_Northern Ireland,0.00012547911127414258
random_forest,nationality_Ecuador,0.00012156820032729865
random_forest,nationality_Paraguay,0.00011703813337660104
random_forest,nationality_New Zealand,0.0001117832233699868
random_forest,nationality_Syria,0.00010645299687918963
random_forest,nationality_Equatorial Guinea,0.00010138234852696503
random_forest,club_Girona FC,0.00010127127909809544
random_forest,nationality_Guadeloupe,0.00010045903396269761
random_forest,nationality_Gabon,9.974102769888226e-05
random_forest,nationality_Central African Republic,9.870600907685269e-05
random_forest,nationality_Curacao,9.798218794810043e-05
random_forest,nationality_Zimbabwe,9.593898367729464e-05
random_forest,club_Dijon FCO,9.184157171206291e-05
random_forest,nationality_Iran,9.167900984650172e-05
random_forest,nationality_Peru,9.145807783378232e-05
random_forest,nationality_Armenia,8.994459373906835e-05
random_forest,club_Rayo Vallecano,8.975717852628095e-05
random_forest,nationality_Finland,8.566281325652937e-05
random_forest,"nationality_Korea, South",8.537788871028298e-05
random_forest,nationality_Kenya,8.188192314726765e-05
random_forest,club_Clermont Foot 63,8.107192851820427e-05
random_forest,club_FC Metz,8.049104621076982e-05
random_forest,nationality_Benin,7.994218393060791e-05
random_forest,nationality_North Macedonia,7.987638766216141e-05
random_forest,club_Chievo Verona,7.957619342213676e-05
random_forest,club_Amiens SC,7.674000136622606e-05
random_forest,nationality_Russia,7.595280503244651e-05
random_forest,club_SD Huesca,7.472687085097173e-05
random_forest,club_Cardiff City,7.376980982831968e-05
random_forest,club_1.FC Union Berlin,7.304288166573934e-05
random_forest,nationality_The Gambia,7.262535009034974e-05
random_forest,club_Fortuna Düsseldorf,7.260157566032413e-05
random_forest,club_Nîmes Olympique,6.834489886706957e-05
random_forest,nationality_South Africa,6.568606122495632e-05
random_forest,club_FC Lorient,6.403141552384824e-05
random_forest,club_Stade Brestois 29,6.368217803720412e-05
random_forest,club_Hannover 96,5.3306251919605525e-05
random_forest,nationality_New Caledonia,5.161739486287639e-05
random_forest,nationality_Luxembourg,5.114380014080155e-05
random_forest,club_Frosinone Calcio,5.0849206007425413e-05
random_forest,club_FC Crotone,5.06433907009921e-05
random_forest,club_VfL Bochum,5.0538875790475754e-05
random_forest,nationality_Zambia,4.855981527137869e-05
random_forest,club_US Salernitana 1919,4.840976399367123e-05
random_forest,club_Elche CF,4.626284293184852e-05
random_forest,club_SPAL,4.5562478990756e-05
random_forest,club_SM Caen,4.398549454940922e-05
random_forest,nationality_Comoros,4.205298259980831e-05
random_forest,nationality_Indonesia,3.941016578163439e-05
random_forest,nationality_Bangladesh,3.71376788596499e-05
random_forest,club_RCD Mallorca,3.454665911378174e-05
random_forest,club_Arminia Bielefeld,3.3202279448861815e-05
random_forest,nationality_Burundi,3.056952983476759e-05
random_forest,nationality_Mozambique,2.8126117716846285e-05
random_forest,nationality_Georgia,2.7160703546741042e-05
random_forest,club_UD Las Palmas,2.4739874029644804e-05
random_forest,nationality_China,2.22232673289882e-05
random_forest,nationality_Guinea-Bissau,2.1695437909027248e-05
random_forest,nationality_Martinique,2.1306506109179196e-05
random_forest,nationality_Suriname,2.0275636850748946e-05
random_forest,club_Spezia Calcio,2.012187269356317e-05
random_forest,club_Hamburger SV,1.8248901386271954e-05
random_forest,club_Venezia FC,1.819432509464301e-05
random_forest,nationality_Haiti,1.78486485711806e-05
random_forest,nationality_Tanzania,1.654013482651462e-05
random_forest,club_EA Guingamp,1.653478683674109e-05
random_forest,club_Deportivo de La Coruña,1.6061930002190808e-05
random_forest,club_Cádiz CF,1.3087098899876792e-05
random_forest,nationality_Israel,1.2799566926850785e-05
random_forest,club_ESTAC Troyes,1.2345219765208274e-05
random_forest,club_1.FC Nuremberg,1.1265619446640959e-05
random_forest,club_SPAL 2013,1.1169238248196285e-05
random_forest,nationality_Cape Verde,9.771598587886293e-06
random_forest,nationality_Uzbekistan,8.053249964779128e-06
random_forest,club_Benevento Calcio,6.302717774150875e-06
random_forest,club_US Lecce,5.836209882314785e-06
random_forest,nationality_Madagascar,5.151031845721814e-06
random_forest,"nationality_Korea, North",3.761317378335812e-06
random_forest,nationality_Philippines,1.605495634056012e-06
random_forest,nationality_Honduras,1.48687300289481e-06
random_forest,nationality_Malta,1.2289136659609617e-07
xgboost,prev_mv_category_Menengah,0.09551352262496948
xgboost,prev_season_mv_log,0.07326079905033112
xgboost,prev_season_mv,0.04942085221409798
xgboost,prev_mv_distance_to_10,0.03448140621185303
xgboost,prev_mv_category_Rendah,0.018886245787143707
xgboost,club_total_mv_mio,0.016394590958952904
xgboost,season,0.011782742105424404
xgboost,club_total_mv_rank_league_season,0.009435619227588177
xgboost,age_squared,0.008423206396400928
xgboost,two_seasons_ago_mv_category_Rendah,0.00835391040891409
xgboost,club_prev_season_avg_mv,0.007854815572500229
xgboost,age,0.007613988593220711
xgboost,nationality_Czech Republic,0.0073129767552018166
xgboost,club_total_mv_pct_league_season,0.007169273681938648
xgboost,pos_category_Defender,0.007075009401887655
xgboost,club_total_mv_log,0.006784474477171898
xgboost,club_Fulham FC,0.006750800181180239
xgboost,league_rank_3,0.0066938078962266445
xgboost,club_prev_season_median_mv,0.0063510676845908165
xgboost,club_Chelsea FC,0.006315791979432106
xgboost,two_seasons_ago_mv,0.006309471558779478
xgboost,nationality_Türkiye,0.00599052757024765
xgboost,league_rank_5,0.005931885447353125
xgboost,nationality_Iceland,0.005768158007413149
xgboost,league_Ligue 1,0.00559542840346694
xgboost,club_Hertha BSC,0.005542743019759655
xgboost,club_Crystal Palace,0.005422946996986866
xgboost,club_ACF Fiorentina,0.005417915061116219
xgboost,club_AC Milan,0.005404926836490631
xgboost,two_seasons_ago_mv_log,0.005397568456828594
xgboost,club_US Sassuolo,0.005269838031381369
xgboost,club_Borussia Mönchengladbach,0.005213615018874407
xgboost,club_prev_season_player_count,0.00518250884488225
xgboost,nationality_Belgium,0.005114469211548567
xgboost,league_Bundesliga,0.005091879051178694
xgboost,age_prev_mv_interaction,0.005075935740023851
xgboost,club_Borussia Dortmund,0.0050542475655674934
xgboost,club_FC Empoli,0.004889777861535549
xgboost,age_bucket_21-24,0.004863287787884474
xgboost,prev_mv_to_club_total_ratio,0.004783153999596834
xgboost,club_SC Freiburg,0.004781841300427914
xgboost,club_Brescia Calcio (- 2025),0.004730670712888241
xgboost,nationality_Uruguay,0.004704690538346767
xgboost,club_Torino FC,0.004658575169742107
xgboost,nationality_Sweden,0.004618986044079065
xgboost,age_bucket_25-28,0.0045813326723873615
xgboost,preferred_foot_left,0.004577327519655228
xgboost,nationality_Poland,0.0045612882822752
xgboost,club_Atalanta BC,0.004515955690294504
xgboost,club_Aston Villa,0.004510783590376377
xgboost,nationality_Denmark,0.004507465288043022
xgboost,club_Sevilla FC,0.004485074430704117
xgboost,club_FC Girondins Bordeaux,0.004440340679138899
xgboost,club_Wolverhampton Wanderers,0.0044218143448233604
xgboost,club_Everton FC,0.004418370313942432
xgboost,age_bucket_U20,0.00437026796862483
xgboost,league_prev_season_avg_mv,0.004355789162218571
xgboost,nationality_Scotland,0.004342320840805769
xgboost,club_Bayer 04 Leverkusen,0.0042941514402627945
xgboost,nationality_Mali,0.004266070667654276
xgboost,club_Liverpool FC,0.004230032674968243
xgboost,preferred_foot_right,0.004213427193462849
xgboost,club_1.FSV Mainz 05,0.004164594691246748
xgboost,nationality_Argentina,0.0041581448167562485
xgboost,nationality_Senegal,0.004154415335506201
xgboost,club_Real Madrid,0.004128819331526756
xgboost,nationality_Portugal,0.004115303512662649
xgboost,club_AS Saint-Étienne,0.004091366659849882
xgboost,nationality_Croatia,0.004072397947311401
xgboost,pos_category_Attack,0.004000640939921141
xgboost,nationality_Spain,0.003971705678850412
xgboost,nationality_Algeria,0.00396953197196126
xgboost,prev_growth_rate,0.003913918510079384
xgboost,nationality_Netherlands,0.003911178093403578
xgboost,club_AS Monaco,0.00388410035520792
xgboost,club_Eintracht Frankfurt,0.003876030445098877
xgboost,nationality_Switzerland,0.0038632405921816826
xgboost,league_Premier League,0.003852310823276639
xgboost,club_Tottenham Hotspur,0.003847934305667877
xgboost,nationality_prev_season_avg_mv,0.0038220116402953863
xgboost,nationality_Albania,0.0037802979350090027
xgboost,nationality_Ghana,0.003776637138798833
xgboost,league_rank_4,0.0037634670734405518
xgboost,club_RB Leipzig,0.003730450989678502
xgboost,two_seasons_ago_mv_category_Tinggi,0.003722820896655321
xgboost,club_Cagliari Calcio,0.003718071384355426
xgboost,nationality_England,0.0036560192238539457
xgboost,nationality_Wales,0.003622598247602582
xgboost,club_FC Nantes,0.003622361458837986
xgboost,club_Bayern Munich,0.0036110891960561275
xgboost,club_VfL Wolfsburg,0.0036086905747652054
xgboost,nationality_Brazil,0.00359098007902503
xgboost,club_CD Leganés,0.0035823071375489235
xgboost,two_seasons_ago_mv_category_Menengah,0.0035789301618933678
xgboost,club_Parma Calcio 1913,0.0035733873955905437
xgboost,nationality_Germany,0.003571867709979415
xgboost,club_Granada CF,0.0035572675988078117
xgboost,prev_growth_rate_clipped,0.003530093003064394
xgboost,height_m,0.003529513720422983
xgboost,nationality_Morocco,0.0034991009160876274
xgboost,nationality_Norway,0.003475547069683671
xgboost,club_SS Lazio,0.0034507382661104202
xgboost,league_Serie A,0.00343917915597558
xgboost,nationality_France,0.0034222216345369816
xgboost,nationality_Nigeria,0.0034211205784231424
xgboost,club_Montpellier HSC,0.0034102683421224356
xgboost,pos_prev_season_avg_mv,0.0034012163523584604
xgboost,club_FC Schalke 04,0.0034007460344582796
xgboost,age_bucket_29-32,0.0033912379294633865
xgboost,club_Levante UD,0.003307623090222478
xgboost,nationality_Mexico,0.0032709829974919558
xgboost,nationality_Italy,0.0032411017455160618
xgboost,club_Athletic Bilbao,0.00323127000592649
xgboost,nationality_Ireland,0.003193844109773636
xgboost,club_Atlético de Madrid,0.0031882217153906822
xgboost,club_Burnley FC,0.003140788059681654
xgboost,league_rank_1,0.003096728352829814
xgboost,club_Newcastle United,0.0030488658230751753
xgboost,nationality_DR Congo,0.0030377365183085203
xgboost,club_West Ham United,0.0030040284618735313
xgboost,club_Manchester United,0.0029719609301537275
xgboost,club_Stade Rennais FC,0.002925260690972209
xgboost,club_Olympique Lyon,0.0029175090603530407
xgboost,club_CA Osasuna,0.0029147749301046133
xgboost,nationality_Cote d'Ivoire,0.0029123295098543167
xgboost,pos_category_Goalkeeper,0.0029042409732937813
xgboost,mv_history_count,0.0028965419624000788
xgboost,club_Angers SCO,0.0028903677593916655
xgboost,nationality_Ukraine,0.00286161620169878
xgboost,nationality_Northern Ireland,0.002828605705872178
xgboost,club_SD Eibar,0.002822863170877099
xgboost,club_Watford FC,0.002810725476592779
xgboost,nationality_Jamaica,0.002804815536364913
xgboost,club_Udinese Calcio,0.0027802640106528997
xgboost,nationality_Bosnia-Herzegovina,0.0027802404947578907
xgboost,club_SSC Napoli,0.002765239216387272
xgboost,league_rank_2,0.0027559020090848207
xgboost,club_RC Lens,0.0027105603367090225
xgboost,club_Inter Milan,0.002707232953980565
xgboost,nationality_Kosovo,0.0026976882945746183
xgboost,nationality_Canada,0.0026780387852340937
xgboost,pos_category_Midfield,0.0026476753409951925
xgboost,preferred_foot_Unknown,0.0026431356091052294
xgboost,nationality_Colombia,0.0025552294682711363
xgboost,club_Brighton & Hove Albion,0.0025484899524599314
xgboost,club_Valencia CF,0.0025320276618003845
xgboost,nationality_Dominican Republic,0.002510886173695326
xgboost,club_Olympique Marseille,0.0024926052428781986
xgboost,club_Genoa CFC,0.002478501293808222
xgboost,nationality_Romania,0.0024349787272512913
xgboost,club_Norwich City,0.0024320229422301054
xgboost,nationality_Central African Republic,0.0024162055924534798
xgboost,club_OGC Nice,0.002413154346868396
xgboost,club_Real Betis Balompié,0.002402242971584201
xgboost,club_Bologna FC 1909,0.0023973234929144382
xgboost,league_La Liga,0.002392963506281376
xgboost,club_Real Sociedad,0.002378372708335519
xgboost,nationality_Cameroon,0.0023724460043013096
xgboost,nationality_Chile,0.0023586901370435953
xgboost,club_Girona FC,0.0023461277596652508
xgboost,nationality_Zimbabwe,0.0023366124369204044
xgboost,club_Southampton FC,0.0023154602386057377
xgboost,nationality_Guinea,0.0023142562713474035
xgboost,nationality_Togo,0.0022871429100632668
xgboost,club_FC Barcelona,0.0022788059432059526
xgboost,nationality_Syria,0.0022771426010876894
xgboost,nationality_Slovakia,0.002222652779892087
xgboost,nationality_Hungary,0.0022180734667927027
xgboost,nationality_Egypt,0.002203138777986169
xgboost,club_Sheffield United,0.002201491268351674
xgboost,nationality_Guadeloupe,0.0021923063322901726
xgboost,nationality_The Gambia,0.0021867617033421993
xgboost,club_Deportivo Alavés,0.0021565482020378113
xgboost,club_FC Lorient,0.002152056200429797
xgboost,nationality_Australia,0.002133317058905959
xgboost,club_AFC Bournemouth,0.0020985142327845097
xgboost,club_Paris Saint-Germain,0.0020347859244793653
xgboost,club_SV Werder Bremen,0.001993395620957017
xgboost,club_FC Toulouse,0.0019800446461886168
xgboost,nationality_Austria,0.001963262213394046
xgboost,club_Swansea City,0.0019580861553549767
xgboost,club_Stade Reims,0.0019538102205842733
xgboost,club_TSG 1899 Hoffenheim,0.0019249843899160624
xgboost,nationality_Comoros,0.0019122102530673146
xgboost,club_RC Strasbourg Alsace,0.0018844734877347946
xgboost,club_Huddersfield Town,0.0018653834704309702
xgboost,nationality_Equatorial Guinea,0.0018392540514469147
xgboost,nationality_Serbia,0.0018023280426859856
xgboost,nationality_Burkina Faso,0.0017999137053266168
xgboost,club_Arsenal FC,0.0017976375529542565
xgboost,club_Stoke City,0.001785296481102705
xgboost,club_Brentford FC,0.0017702676123008132
xgboost,preferred_foot_both,0.0017700474709272385
xgboost,club_Leicester City,0.0017112104687839746
xgboost,club_Villarreal CF,0.00165494903922081
xgboost,age_bucket_33plus,0.0016272843349725008
xgboost,club_Juventus FC,0.001476809149608016
xgboost,club_SD Huesca,0.0014605179894715548
xgboost,club_Real Valladolid CF,0.0011973320506513119
xgboost,club_AS Roma,0.0011647598585113883
xgboost,club_1.FC Köln,0.0010251504136249423
xgboost,club_US Salernitana 1919,0.0008322583744302392
xgboost,nationality_Gabon,0.0007628992898389697
xgboost,club_VfB Stuttgart,0.0006019215215928853
xgboost,club_Venezia FC,0.0005147017072886229
xgboost,nationality_Montenegro,0.0004920601495541632
xgboost,has_prev_mv_0,0.0
xgboost,club_West Bromwich Albion,0.0
xgboost,club_Manchester City,0.0
xgboost,club_VfL Bochum,0.0
xgboost,club_RCD Espanyol Barcelona,0.0
xgboost,club_US Lecce,0.0
xgboost,club_UD Las Palmas,0.0
xgboost,club_RCD Mallorca,0.0
xgboost,club_Leeds United,0.0
xgboost,club_Stade Brestois 29,0.0
xgboost,club_Spezia Calcio,0.0
xgboost,club_SPAL 2013,0.0
xgboost,club_SPAL,0.0
xgboost,club_SM Caen,0.0
xgboost,club_Nîmes Olympique,0.0
xgboost,club_Rayo Vallecano,0.0
xgboost,club_UC Sampdoria,0.0
xgboost,nationality_Venezuela,0.0
xgboost,club_LOSC Lille,0.0
xgboost,nationality_North Macedonia,0.0
xgboost,nationality_Haiti,0.0
xgboost,nationality_Honduras,0.0
xgboost,nationality_Indonesia,0.0
xgboost,nationality_Iran,0.0
xgboost,nationality_Israel,0.0
xgboost,nationality_Japan,0.0
xgboost,nationality_Kenya,0.0
xgboost,"nationality_Korea, North",0.0
xgboost,"nationality_Korea, South",0.0
xgboost,nationality_Luxembourg,0.0
xgboost,nationality_Madagascar,0.0
xgboost,nationality_Malta,0.0
xgboost,nationality_Martinique,0.0
xgboost,nationality_Mozambique,0.0
xgboost,nationality_New Caledonia,0.0
xgboost,nationality_Guinea-Bissau,0.0
xgboost,nationality_Greece,0.0
xgboost,nationality_Georgia,0.0
xgboost,nationality_Bangladesh,0.0
xgboost,prev_mv_distance_to_30,0.0
xgboost,prev_mv_category_NoHistory,0.0
xgboost,prev_mv_category_Tinggi,0.0
xgboost,two_seasons_ago_mv_category_NoHistory,0.0
xgboost,nationality_Angola,0.0
xgboost,nationality_Armenia,0.0
xgboost,nationality_Benin,0.0
xgboost,nationality_Finland,0.0
xgboost,nationality_Burundi,0.0
xgboost,nationality_Cape Verde,0.0
xgboost,nationality_China,0.0
xgboost,nationality_Costa Rica,0.0
xgboost,nationality_Curacao,0.0
xgboost,nationality_Ecuador,0.0
xgboost,nationality_New Zealand,0.0
xgboost,nationality_Paraguay,0.0
xgboost,club_Hellas Verona,0.0
xgboost,nationality_Peru,0.0
xgboost,club_Clermont Foot 63,0.0
xgboost,club_Cádiz CF,0.0
xgboost,club_Deportivo de La Coruña,0.0
xgboost,club_Dijon FCO,0.0
xgboost,club_EA Guingamp,0.0
xgboost,club_ESTAC Troyes,0.0
xgboost,club_Elche CF,0.0
xgboost,club_FC Augsburg,0.0
xgboost,club_FC Crotone,0.0
xgboost,club_FC Metz,0.0
xgboost,club_Fortuna Düsseldorf,0.0
xgboost,club_Frosinone Calcio,0.0
xgboost,club_Getafe CF,0.0
xgboost,club_Hamburger SV,0.0
xgboost,club_Hannover 96,0.0
xgboost,club_Chievo Verona,0.0
xgboost,club_Celta de Vigo,0.0
xgboost,club_Cardiff City,0.0
xgboost,nationality_Tunisia,0.0
xgboost,nationality_Philippines,0.0
xgboost,nationality_Russia,0.0
xgboost,nationality_Slovenia,0.0
xgboost,nationality_South Africa,0.0
xgboost,nationality_Suriname,0.0
xgboost,nationality_Tanzania,0.0
xgboost,nationality_United States,0.0
xgboost,club_Benevento Calcio,0.0
xgboost,nationality_Uzbekistan,0.0
xgboost,nationality_Zambia,0.0
xgboost,club_1.FC Nuremberg,0.0
xgboost,club_1.FC Union Berlin,0.0
xgboost,club_Amiens SC,0.0
xgboost,club_Arminia Bielefeld,0.0
xgboost,has_prev_mv_1,0.0
